"possession.team1","possession.team2","possession.in.contest","total.attempts.team1","total.attempts.team2","on.target.attempts.team1","on.target.attempts.team2","off.target.attempts.team1","off.target.attempts.team2","attempts.inside.the.penalty.area.team1","attempts.inside.the.penalty.area.team2","attempts.outside.the.penalty.area..team1","attempts.outside.the.penalty.area..team2","left.channel.team1","left.channel.team2","left.inside.channel.team1","left.inside.channel.team2","central.channel.team1","central.channel.team2","right.inside.channel.team1","right.inside.channel.team2","right.channel.team1","right.channel.team2","total.offers.to.receive.team1","total.offers.to.receive.team2","inbehind.offers.to.receive.team1","inbehind.offers.to.receive.team2","inbetween.offers.to.receive.team1","inbetween.offers.to.receive.team2","infront.offers.to.receive.team1","infront.offers.to.receive.team2","receptions.between.midfield.and.defensive.lines.team1","receptions.between.midfield.and.defensive.lines.team2","attempted.line.breaks.team1","attempted.line.breaks.team2","completed.line.breaks.team1","completed.line.breaks.team2","attempted.defensive.line.breaks.team1","attempted.defensive.line.breaks.team2","completed.defensive.line.breaks.team1","completed.defensive.line.breaks.team2","yellow.cards.team1","yellow.cards.team2","red.cards.team1","red.cards.team2","fouls.against.team1","fouls.against.team2","offsides.team1","offsides.team2","passes.team1","passes.team2","passes.completed.team1","passes.completed.team2","crosses.team1","crosses.team2","crosses.completed.team1","crosses.completed.team2","switches.of.play.completed.team1","switches.of.play.completed.team2","corners.team1","corners.team2","free.kicks.team1","free.kicks.team2","goal.preventions.team1","goal.preventions.team2","forced.turnovers.team1","forced.turnovers.team2","defensive.pressures.applied.team1","defensive.pressures.applied.team2","total.attempts","total.attempted.defensive.line.breaks"
33,54,13,11,18,6,7,4,4,7,11,4,7,4,13,2,8,4,4,7,9,10,15,404,820,73,179,200,360,131,281,8,17,161,187,95,126,17,28,7,17,2,0,0,0,10,5,0,3,396,567,320,487,13,27,4,2,4,5,4,5,8,10,18,13,101,77,325,256,29,45
24,60,16,8,14,4,3,2,7,3,11,5,3,9,27,2,5,2,4,1,6,11,19,302,640,88,146,114,259,100,235,8,17,166,241,81,172,17,21,7,17,2,1,0,0,11,10,1,3,286,650,187,567,11,32,2,5,1,9,2,6,13,12,14,8,90,74,341,161,22,38
42,50,8,5,6,0,3,5,3,2,4,3,2,15,8,0,7,3,6,1,4,9,6,520,532,116,127,235,187,169,218,5,8,136,155,86,99,9,13,4,7,4,2,0,0,15,15,3,4,450,480,381,409,9,14,4,4,9,9,1,3,19,17,6,5,52,72,256,279,11,22
48,39,13,14,4,3,1,4,1,7,1,7,3,28,8,6,0,9,3,3,1,10,4,699,429,176,77,255,177,268,175,5,1,158,154,95,85,22,4,7,0,3,3,0,0,22,9,0,2,575,444,510,371,17,5,1,0,2,7,5,0,11,22,4,14,47,66,300,294,18,26
65,22,13,25,10,9,3,11,6,15,10,10,0,24,5,9,0,14,3,5,3,21,11,865,346,199,102,366,146,300,98,19,10,241,113,185,70,23,17,20,11,0,0,0,0,6,14,4,4,820,261,743,207,28,16,9,3,4,2,6,6,17,10,12,26,55,87,164,487,35,40
42,45,13,6,12,2,5,4,4,5,8,1,4,12,11,2,7,5,7,3,5,4,17,492,697,94,133,223,262,175,302,9,17,195,185,102,133,23,27,8,16,3,1,0,0,13,10,2,1,463,470,379,413,18,22,3,2,11,8,1,5,11,15,13,6,63,74,295,302,18,50
42,48,10,10,12,2,4,7,6,4,10,6,2,7,26,5,4,2,6,5,4,11,18,511,553,109,136,199,190,203,227,9,12,174,184,117,113,13,19,7,9,3,3,0,0,7,12,4,3,424,511,353,445,18,20,5,6,12,9,6,7,15,11,12,11,67,67,308,232,22,32
46,40,14,21,10,9,5,9,3,10,7,11,3,13,15,6,7,8,5,9,4,9,12,607,507,146,105,257,207,204,195,43,10,223,163,151,99,38,14,23,9,4,3,0,0,26,19,4,4,648,516,544,419,20,24,4,3,6,5,6,5,22,28,11,21,87,104,280,409,31,52
45,41,14,11,14,4,7,6,3,10,10,1,4,17,14,6,7,4,3,4,1,10,12,577,456,92,108,214,193,271,155,7,10,157,157,95,95,10,20,5,8,7,4,0,0,18,13,0,0,476,403,390,325,23,13,6,4,7,9,2,0,14,18,14,10,74,82,276,253,25,30
50,36,14,5,4,2,1,3,2,2,1,3,3,10,8,6,1,2,1,4,2,12,11,569,373,103,78,244,151,222,144,2,5,150,127,100,66,10,13,5,5,1,4,0,0,15,19,2,4,533,356,464,287,14,17,2,4,3,2,4,2,23,17,4,5,63,79,220,327,9,23
54,31,15,13,8,4,1,5,4,10,7,3,1,20,8,6,6,1,6,3,4,27,13,547,296,128,72,202,101,217,123,20,3,170,150,117,82,32,12,19,2,2,1,0,0,14,16,3,0,485,322,422,241,33,10,8,2,9,1,6,5,16,16,8,15,61,70,193,290,21,44
22,65,13,9,11,3,3,6,6,5,7,4,4,4,27,1,10,4,8,1,7,3,20,339,780,68,205,150,208,121,367,6,19,128,167,63,118,13,23,3,18,3,1,1,0,15,9,2,2,229,678,171,592,8,33,3,7,4,9,3,9,11,17,11,10,88,44,373,165,20,36
34,54,12,10,12,7,3,2,7,7,6,3,6,8,18,9,6,7,7,3,4,2,8,349,643,89,136,122,291,138,216,7,3,147,182,91,129,17,9,7,1,2,2,0,0,15,8,1,0,408,624,344,551,8,20,2,4,4,8,2,4,6,16,12,10,85,63,321,260,22,26
45,45,10,14,7,4,2,8,5,7,5,7,2,20,13,8,1,3,3,2,7,7,16,519,609,117,127,198,202,204,280,15,10,164,150,114,97,23,14,12,8,0,2,0,0,13,11,2,2,491,494,430,428,21,20,3,5,7,12,6,3,13,15,7,14,75,72,288,277,21,37
34,55,11,12,12,6,4,4,6,6,5,6,7,9,23,7,7,5,5,2,8,7,12,470,740,93,159,186,195,191,386,8,12,139,178,87,123,11,21,6,12,2,0,0,0,9,11,1,5,359,606,304,541,13,22,3,6,9,11,5,4,15,10,14,12,54,50,359,233,24,32
51,40,9,8,10,3,2,4,7,6,6,2,4,11,12,2,0,7,1,5,6,11,8,676,539,116,129,290,238,270,172,10,6,208,143,147,88,23,15,10,5,0,0,0,0,9,15,1,0,550,427,488,368,13,16,4,2,9,2,3,7,15,10,10,8,52,61,266,350,18,38
56,32,12,10,11,4,4,6,6,5,6,5,5,12,10,8,3,3,2,4,1,9,11,732,441,144,109,211,173,377,159,4,7,149,125,104,89,13,11,3,8,1,1,0,0,10,14,3,3,671,317,598,275,19,9,3,4,6,10,9,1,17,13,11,10,38,78,194,360,21,24
43,48,9,14,10,9,1,2,7,9,5,5,5,8,18,3,2,6,6,6,2,8,8,614,617,134,115,241,240,239,262,9,8,165,167,98,107,16,17,8,7,0,2,0,0,12,10,3,3,461,512,392,436,14,15,6,1,7,3,6,6,13,15,10,15,71,54,357,240,24,33
44,45,11,14,9,3,3,8,5,7,5,7,4,12,11,4,2,2,2,4,7,13,20,502,506,123,117,230,191,149,198,15,14,151,162,89,96,22,22,15,10,2,1,0,0,13,13,2,1,383,438,313,374,19,25,7,8,9,6,6,7,14,14,9,15,63,73,263,251,23,44
43,47,10,11,15,4,4,5,7,7,12,4,3,23,18,7,5,3,7,2,4,12,9,650,581,124,123,338,181,188,277,17,12,204,177,159,115,23,26,17,14,0,1,0,0,7,9,4,0,578,596,504,531,24,24,6,8,18,4,2,4,9,11,16,11,70,68,328,346,26,49
54,35,11,8,10,4,2,4,6,7,4,1,6,17,8,6,1,2,0,2,4,13,9,794,489,140,95,276,193,378,201,11,7,184,159,129,86,16,15,12,7,0,1,0,0,16,12,0,0,597,393,523,320,19,13,7,3,11,7,3,3,12,16,10,8,60,74,230,339,18,31
41,46,13,13,9,10,2,2,3,9,2,4,7,7,8,3,4,3,3,3,4,3,13,573,592,113,121,256,247,204,224,15,6,193,201,124,134,24,15,10,6,2,2,0,0,13,5,1,3,462,511,391,434,22,15,5,5,6,7,5,2,8,14,9,13,87,72,347,316,22,39
35,51,14,12,16,4,4,4,8,5,9,7,7,14,18,6,7,6,9,6,6,18,28,692,717,157,175,270,247,265,295,8,14,229,232,116,132,21,20,8,11,0,2,0,0,13,16,3,0,532,735,414,624,28,35,6,9,5,7,8,5,16,16,18,11,100,100,405,308,28,41
48,42,10,16,11,7,3,7,5,10,8,6,3,15,15,7,2,2,2,9,3,19,10,568,501,118,124,207,224,243,153,14,11,174,156,111,97,26,20,14,12,1,2,0,0,10,8,3,1,540,466,481,391,27,18,4,7,4,5,7,1,8,11,11,16,71,64,220,297,27,46
51,40,9,9,4,5,0,2,1,6,2,3,2,19,7,12,3,5,4,5,6,11,10,659,568,154,128,218,212,287,228,16,4,164,173,114,100,20,17,11,4,1,1,0,0,10,17,3,1,565,488,498,415,26,11,3,3,6,2,8,3,18,13,4,9,85,80,282,344,13,37
64,24,12,14,3,6,2,5,0,10,3,4,0,12,3,4,2,5,3,8,3,18,8,650,268,157,69,177,131,316,68,26,9,191,137,127,68,39,15,25,7,0,6,0,0,7,21,10,1,610,267,529,190,29,9,12,2,5,7,9,2,22,16,4,14,65,80,163,361,17,54
45,45,10,9,20,1,11,4,4,5,12,4,8,19,25,4,10,2,15,5,8,27,20,674,737,156,153,250,239,268,345,10,11,240,185,180,121,16,19,10,10,2,3,0,0,22,24,3,3,715,695,632,625,22,25,5,6,13,4,3,7,27,25,21,9,95,77,365,423,29,35
51,32,17,8,15,4,5,3,8,5,11,3,4,13,14,3,0,1,2,6,7,6,10,453,268,83,76,174,115,196,77,2,12,146,153,77,84,10,20,2,12,0,1,0,0,23,11,0,3,432,269,353,198,19,20,6,5,1,6,3,6,14,22,15,8,59,62,190,243,23,30
56,33,11,7,10,3,4,4,5,3,7,4,3,12,3,3,3,2,4,1,3,5,8,633,440,90,108,270,177,273,155,16,9,186,143,146,83,19,17,13,7,1,3,0,0,13,11,2,5,647,352,565,281,9,13,2,1,9,2,6,5,16,15,11,7,79,101,275,387,17,36
53,35,12,14,5,5,2,7,2,11,3,3,2,15,8,6,1,11,2,2,6,17,9,869,538,131,105,337,184,401,249,8,8,181,146,135,92,16,12,8,7,0,2,0,0,8,15,4,0,711,450,635,381,6,15,1,2,5,8,1,3,15,11,5,14,67,73,240,453,19,28
54,38,8,13,6,4,4,5,2,10,2,3,4,25,10,9,7,8,5,11,4,21,6,785,574,157,100,322,245,306,229,16,11,185,161,165,107,13,15,10,10,1,0,0,0,19,9,4,0,795,459,740,394,11,16,1,4,1,10,4,2,9,24,5,14,62,52,319,322,19,28
22,68,10,6,13,3,1,3,6,3,9,3,4,11,36,1,10,0,8,2,19,8,29,438,896,103,182,176,279,159,435,10,27,164,219,86,158,22,37,9,25,1,1,0,0,15,14,5,4,323,1041,229,967,10,27,4,4,4,8,0,8,18,20,14,6,100,66,573,217,19,59
53,32,15,21,8,6,3,8,3,15,7,6,1,22,8,5,3,6,4,8,3,27,7,695,389,175,72,234,157,286,160,19,5,201,122,148,66,24,12,19,5,2,2,0,0,13,9,1,1,540,319,477,260,46,13,16,4,16,3,12,5,10,14,8,21,53,75,220,324,29,36
74,17,9,17,0,7,0,8,0,12,0,5,0,30,5,4,0,8,1,6,0,12,1,1085,250,180,52,418,104,487,94,23,1,276,119,233,58,34,11,22,1,0,2,0,0,8,12,3,7,1061,231,1003,170,17,5,2,0,8,1,5,0,18,11,0,17,46,76,185,585,17,45
55,35,10,11,8,5,3,3,5,7,2,4,6,24,7,6,9,7,6,4,3,10,3,762,459,168,87,308,187,286,185,20,5,198,150,149,88,26,12,18,4,2,4,0,0,14,19,1,1,636,394,573,326,17,12,4,3,13,2,3,3,19,15,8,11,70,82,286,326,19,38
30,57,14,8,16,3,5,3,9,8,9,0,7,7,21,2,6,4,5,8,7,13,15,428,661,140,156,164,264,124,241,14,22,150,205,84,153,22,27,12,19,3,2,0,0,18,15,0,0,303,560,236,494,19,24,8,4,5,13,4,5,15,17,16,9,69,53,329,173,24,49
31,56,13,7,19,3,6,3,11,5,14,2,5,8,20,8,5,4,6,4,7,9,13,397,643,88,145,144,328,165,170,9,9,144,181,92,145,16,15,7,9,5,2,1,0,14,14,0,1,295,548,239,491,12,28,3,8,4,3,3,11,15,14,20,7,78,54,321,226,26,31
56,35,9,22,4,7,1,9,3,18,2,4,2,30,11,6,2,3,5,8,1,19,9,691,521,150,95,182,208,359,218,26,7,173,133,135,84,32,15,27,7,0,3,0,0,5,11,0,0,734,466,672,399,34,9,17,2,6,5,8,1,11,5,4,22,64,56,250,316,26,47
51,39,10,6,7,1,3,4,3,4,5,2,2,14,7,5,2,4,5,4,2,11,7,725,436,149,100,336,172,240,164,12,9,199,174,146,103,23,17,15,8,4,2,0,0,15,10,1,1,569,409,509,321,31,15,4,6,5,8,5,3,11,15,7,7,81,72,242,292,13,40
52,36,12,5,7,0,2,4,2,4,4,1,3,22,6,4,0,2,3,6,4,11,5,703,493,189,78,211,227,303,188,8,8,153,147,91,85,21,16,8,7,4,0,0,0,14,14,4,4,539,384,472,308,20,7,4,1,3,14,6,2,18,18,7,7,66,72,224,324,12,37
38,49,13,13,16,8,6,3,8,9,11,4,5,5,20,3,4,5,16,4,5,15,12,419,583,103,124,149,261,167,198,15,11,173,184,78,122,22,22,12,12,2,2,0,0,8,13,0,4,364,513,271,433,20,23,1,4,5,5,4,3,17,8,16,13,83,81,285,234,29,44
45,44,11,5,15,2,6,2,8,3,5,2,10,11,7,7,7,9,13,3,6,15,17,722,644,117,97,278,278,327,269,5,7,194,203,130,122,15,24,6,8,8,8,1,0,30,18,1,2,651,603,557,511,22,16,4,4,5,4,2,8,20,30,15,5,91,79,401,323,20,39
43,46,11,8,7,3,3,4,2,6,6,2,1,19,9,2,12,11,3,6,5,16,18,609,561,153,109,256,248,200,204,13,5,178,182,123,103,21,16,13,4,2,1,0,0,12,10,2,2,497,500,437,424,28,20,6,4,4,8,11,5,11,14,7,8,64,79,313,316,15,37
24,67,9,4,25,0,13,2,8,2,21,2,4,6,25,2,8,1,7,2,10,3,26,328,907,62,175,126,282,140,450,2,21,117,214,66,188,5,25,1,19,1,1,0,0,6,11,0,0,321,862,261,814,5,22,2,5,8,11,1,9,12,5,25,4,67,48,438,141,29,30
27,60,13,8,32,6,11,1,17,6,24,2,8,7,29,5,13,3,13,1,12,1,15,344,747,100,217,156,272,88,258,10,28,154,193,103,159,13,34,7,25,1,0,0,0,3,9,4,3,347,727,269,661,12,38,3,12,4,5,1,14,12,7,32,8,79,77,378,230,40,47
72,19,9,13,8,7,3,3,4,10,6,3,2,11,3,5,0,2,3,3,1,11,0,1061,212,207,53,386,86,468,73,16,4,238,101,178,45,25,7,16,4,0,2,0,0,9,14,2,2,809,224,730,154,23,8,7,1,12,3,8,0,16,10,8,13,63,72,139,416,21,32
44,44,12,21,10,6,2,8,6,16,5,5,5,15,13,7,5,4,3,1,4,13,25,630,615,111,171,226,268,293,176,11,17,155,173,105,132,16,23,12,15,1,2,0,0,4,9,1,1,503,537,437,473,23,18,12,4,7,14,6,4,10,5,10,21,79,61,269,282,31,39
33,58,10,7,17,1,7,3,6,1,13,6,4,7,10,1,4,2,7,0,12,4,9,388,777,71,140,138,310,179,327,1,9,104,167,55,131,4,13,1,8,2,0,0,0,16,9,1,1,325,588,261,529,4,17,1,7,1,6,1,6,10,17,17,8,49,56,328,167,24,17
14,78,8,6,14,3,5,2,3,4,7,2,7,2,30,3,9,1,6,2,11,5,22,315,1138,77,174,106,286,132,678,10,17,104,190,57,140,14,21,8,15,3,0,0,0,9,6,2,2,225,1070,167,992,6,20,3,2,2,9,0,2,8,11,14,6,85,49,637,150,20,35
47,44,9,18,10,9,6,8,2,14,6,4,4,20,19,5,4,5,3,7,5,15,21,666,547,149,116,257,270,260,161,17,15,193,188,145,137,21,20,17,14,0,1,0,0,8,13,0,5,616,548,556,486,18,14,4,1,9,13,5,4,16,8,10,18,73,81,310,329,28,41
34,55,11,14,13,2,1,8,6,12,8,2,5,9,10,6,4,3,6,2,6,6,19,330,702,82,136,99,314,149,252,8,15,126,141,85,95,12,18,8,11,0,1,0,0,11,11,4,3,358,583,307,518,5,22,2,1,1,8,2,3,13,15,13,14,72,47,328,218,27,30
